"","Location","Date","New_Cases","Measure","Exports_Value","Imports_Value"
"1","New Zealand",2020-02-28,1,"$",162000000,188000000
"2","New Zealand",2020-02-29,0,"$",149000000,32000000
"3","New Zealand",2020-03-01,0,"$",81000000,119000000
"4","New Zealand",2020-03-02,0,"$",192000000,294000000
"5","New Zealand",2020-03-03,0,"$",196000000,230000000
"6","New Zealand",2020-03-04,2,"$",154000000,209000000
"7","New Zealand",2020-03-05,0,"$",154000000,187000000
"8","New Zealand",2020-03-06,1,"$",156000000,201000000
"9","New Zealand",2020-03-07,1,"$",76000000,30000000
"10","New Zealand",2020-03-08,0,"$",108000000,38000000
"11","New Zealand",2020-03-09,0,"$",221000000,205000000
"12","New Zealand",2020-03-10,0,"$",190000000,179000000
"13","New Zealand",2020-03-11,0,"$",302000000,197000000
"14","New Zealand",2020-03-12,0,"$",176000000,191000000
"15","New Zealand",2020-03-13,0,"$",245000000,186000000
"16","New Zealand",2020-03-14,1,"$",114000000,31000000
"17","New Zealand",2020-03-15,2,"$",106000000,45000000
"18","New Zealand",2020-03-16,0,"$",229000000,213000000
"19","New Zealand",2020-03-17,4,"$",156000000,207000000
"20","New Zealand",2020-03-18,8,"$",320000000,214000000
"21","New Zealand",2020-03-19,8,"$",325000000,192000000
"22","New Zealand",2020-03-20,11,"$",204000000,180000000
"23","New Zealand",2020-03-21,13,"$",107000000,37000000
"24","New Zealand",2020-03-22,50,"$",114000000,47000000
"25","New Zealand",2020-03-23,0,"$",196000000,210000000
"26","New Zealand",2020-03-24,53,"$",215000000,196000000
"27","New Zealand",2020-03-25,50,"$",344000000,197000000
"28","New Zealand",2020-03-26,78,"$",169000000,381000000
"29","New Zealand",2020-03-27,85,"$",255000000,221000000
"30","New Zealand",2020-03-28,83,"$",181000000,38000000
"31","New Zealand",2020-03-29,63,"$",116000000,37000000
"32","New Zealand",2020-03-30,75,"$",213000000,234000000
"33","New Zealand",2020-03-31,58,"$",198000000,143000000
"34","New Zealand",2020-04-01,61,"$",219000000,288000000
"35","New Zealand",2020-04-02,89,"$",133000000,159000000
"36","New Zealand",2020-04-03,71,"$",202000000,156000000
"37","New Zealand",2020-04-04,82,"$",102000000,32000000
"38","New Zealand",2020-04-05,89,"$",163000000,24000000
"39","New Zealand",2020-04-06,67,"$",248000000,187000000
"40","New Zealand",2020-04-07,54,"$",158000000,192000000
"41","New Zealand",2020-04-08,50,"$",302000000,198000000
"42","New Zealand",2020-04-09,29,"$",242000000,200000000
"43","New Zealand",2020-04-10,44,"$",216000000,29000000
"44","New Zealand",2020-04-11,29,"$",66000000,20000000
"45","New Zealand",2020-04-12,18,"$",146000000,27000000
"46","New Zealand",2020-04-13,19,"$",255000000,31000000
"47","New Zealand",2020-04-14,17,"$",192000000,226000000
"48","New Zealand",2020-04-15,20,"$",243000000,225000000
"49","New Zealand",2020-04-16,15,"$",119000000,178000000
"50","New Zealand",2020-04-17,8,"$",232000000,191000000
"51","New Zealand",2020-04-18,13,"$",60000000,16000000
"52","New Zealand",2020-04-19,9,"$",142000000,20000000
"53","New Zealand",2020-04-20,9,"$",216000000,171000000
"54","New Zealand",2020-04-21,5,"$",164000000,188000000
"55","New Zealand",2020-04-22,6,"$",118000000,177000000
"56","New Zealand",2020-04-23,5,"$",167000000,165000000
"57","New Zealand",2020-04-24,5,"$",195000000,123000000
"58","New Zealand",2020-04-25,9,"$",88000000,18000000
"59","New Zealand",2020-04-26,-1,"$",119000000,25000000
"60","New Zealand",2020-04-27,3,"$",247000000,36000000
"61","New Zealand",2020-04-28,2,"$",139000000,217000000
"62","New Zealand",2020-04-29,2,"$",246000000,199000000
"63","New Zealand",2020-04-30,3,"$",161000000,232000000
"64","New Zealand",2020-05-01,6,"$",190000000,324000000
"65","New Zealand",2020-05-02,2,"$",81000000,23000000
"66","New Zealand",2020-05-03,0,"$",117000000,20000000
"67","New Zealand",2020-05-04,-1,"$",218000000,194000000
"68","New Zealand",2020-05-05,2,"$",151000000,171000000
"69","New Zealand",2020-05-06,1,"$",265000000,150000000
"70","New Zealand",2020-05-07,1,"$",161000000,177000000
"71","New Zealand",2020-05-08,2,"$",162000000,145000000
"72","New Zealand",2020-05-09,2,"$",85000000,16000000
"73","New Zealand",2020-05-10,3,"$",134000000,26000000
"74","New Zealand",2020-05-11,0,"$",204000000,185000000
"75","New Zealand",2020-05-12,0,"$",217000000,178000000
"76","New Zealand",2020-05-13,0,"$",199000000,160000000
"77","New Zealand",2020-05-14,1,"$",151000000,172000000
"78","New Zealand",2020-05-15,0,"$",163000000,142000000
"79","New Zealand",2020-05-16,1,"$",125000000,15000000
"80","New Zealand",2020-05-17,0,"$",135000000,18000000
"81","New Zealand",2020-05-18,0,"$",252000000,212000000
"82","New Zealand",2020-05-19,4,"$",250000000,207000000
"83","New Zealand",2020-05-20,0,"$",291000000,152000000
"84","New Zealand",2020-05-21,1,"$",146000000,202000000
"85","New Zealand",2020-05-22,0,"$",209000000,146000000
"86","New Zealand",2020-05-23,0,"$",95000000,13000000
"87","New Zealand",2020-05-24,0,"$",128000000,43000000
"88","New Zealand",2020-05-25,0,"$",205000000,240000000
"89","New Zealand",2020-05-26,0,"$",175000000,179000000
"90","New Zealand",2020-05-27,0,"$",276000000,181000000
"91","New Zealand",2020-05-28,0,"$",164000000,224000000
"92","New Zealand",2020-05-29,0,"$",170000000,158000000
"93","New Zealand",2020-05-30,0,"$",128000000,13000000
"94","New Zealand",2020-05-31,0,"$",158000000,25000000
"95","New Zealand",2020-06-01,0,"$",225000000,109000000
"96","New Zealand",2020-06-02,0,"$",153000000,266000000
"97","New Zealand",2020-06-03,0,"$",215000000,185000000
"98","New Zealand",2020-06-04,0,"$",164000000,227000000
"99","New Zealand",2020-06-05,0,"$",149000000,151000000
"100","New Zealand",2020-06-06,0,"$",87000000,34000000
"101","New Zealand",2020-06-07,0,"$",204000000,29000000
"102","New Zealand",2020-06-08,0,"$",258000000,192000000
"103","New Zealand",2020-06-09,0,"$",173000000,216000000
"104","New Zealand",2020-06-10,0,"$",148000000,195000000
"105","New Zealand",2020-06-11,0,"$",95000000,200000000
"106","New Zealand",2020-06-12,0,"$",183000000,152000000
"107","New Zealand",2020-06-13,0,"$",86000000,16000000
"108","New Zealand",2020-06-14,0,"$",148000000,21000000
"109","New Zealand",2020-06-15,2,"$",275000000,191000000
"110","New Zealand",2020-06-16,0,"$",153000000,167000000
"111","New Zealand",2020-06-17,1,"$",226000000,147000000
"112","New Zealand",2020-06-18,0,"$",107000000,184000000
"113","New Zealand",2020-06-19,2,"$",129000000,146000000
"114","New Zealand",2020-06-20,2,"$",75000000,18000000
"115","New Zealand",2020-06-21,2,"$",189000000,21000000
"116","New Zealand",2020-06-22,2,"$",257000000,166000000
"117","New Zealand",2020-06-23,1,"$",167000000,222000000
"118","New Zealand",2020-06-24,3,"$",225000000,231000000
"119","New Zealand",2020-06-25,1,"$",170000000,146000000
"120","New Zealand",2020-06-26,2,"$",170000000,549000000
"121","New Zealand",2020-06-27,4,"$",82000000,18000000
"122","New Zealand",2020-06-28,2,"$",186000000,17000000
"123","New Zealand",2020-06-29,0,"$",253000000,223000000
"124","New Zealand",2020-06-30,0,"$",130000000,170000000
"125","New Zealand",2020-07-01,2,"$",200000000,311000000
"126","New Zealand",2020-07-02,0,"$",133000000,219000000
"127","New Zealand",2020-07-03,0,"$",152000000,177000000
"128","New Zealand",2020-07-04,3,"$",88000000,17000000
"129","New Zealand",2020-07-05,1,"$",121000000,25000000
"130","New Zealand",2020-07-06,2,"$",256000000,210000000
"131","New Zealand",2020-07-07,1,"$",138000000,214000000
"132","New Zealand",2020-07-08,3,"$",151000000,210000000
"133","New Zealand",2020-07-09,2,"$",156000000,153000000
"134","New Zealand",2020-07-10,1,"$",167000000,177000000
"135","New Zealand",2020-07-11,1,"$",131000000,18000000
"136","New Zealand",2020-07-12,0,"$",235000000,20000000
"137","New Zealand",2020-07-13,1,"$",171000000,178000000
"138","New Zealand",2020-07-14,2,"$",129000000,181000000
"139","New Zealand",2020-07-15,1,"$",234000000,170000000
"140","New Zealand",2020-07-16,1,"$",171000000,180000000
"141","New Zealand",2020-07-17,1,"$",119000000,130000000
"142","New Zealand",2020-07-18,3,"$",64000000,21000000
"143","New Zealand",2020-07-19,1,"$",94000000,24000000
"144","New Zealand",2020-07-20,1,"$",238000000,189000000
"145","New Zealand",2020-07-21,0,"$",149000000,253000000
"146","New Zealand",2020-07-22,0,"$",219000000,197000000
"147","New Zealand",2020-07-23,1,"$",136000000,181000000
"148","New Zealand",2020-07-24,0,"$",177000000,156000000
"149","New Zealand",2020-07-25,0,"$",92000000,19000000
"150","New Zealand",2020-07-26,0,"$",112000000,23000000
"151","New Zealand",2020-07-27,1,"$",242000000,187000000
"152","New Zealand",2020-07-28,2,"$",135000000,217000000
"153","New Zealand",2020-07-29,1,"$",239000000,155000000
"154","New Zealand",2020-07-30,0,"$",162000000,215000000
"155","New Zealand",2020-07-31,2,"$",183000000,144000000
"156","New Zealand",2020-08-01,3,"$",74000000,103000000
"157","New Zealand",2020-08-02,2,"$",167000000,25000000
"158","New Zealand",2020-08-03,0,"$",190000000,223000000
"159","New Zealand",2020-08-04,2,"$",130000000,224000000
"160","New Zealand",2020-08-05,0,"$",224000000,186000000
"161","New Zealand",2020-08-06,0,"$",121000000,179000000
"162","New Zealand",2020-08-07,0,"$",160000000,191000000
"163","New Zealand",2020-08-08,0,"$",111000000,22000000
"164","New Zealand",2020-08-09,0,"$",136000000,25000000
"165","New Zealand",2020-08-10,1,"$",158000000,212000000
"166","New Zealand",2020-08-11,0,"$",159000000,238000000
"167","New Zealand",2020-08-12,19,"$",204000000,164000000
"168","New Zealand",2020-08-13,13,"$",106000000,222000000
"169","New Zealand",2020-08-14,7,"$",156000000,206000000
"170","New Zealand",2020-08-15,13,"$",87000000,22000000
"171","New Zealand",2020-08-16,9,"$",134000000,34000000
"172","New Zealand",2020-08-17,12,"$",126000000,204000000
"173","New Zealand",2020-08-18,6,"$",113000000,234000000
"174","New Zealand",2020-08-19,5,"$",129000000,174000000
"175","New Zealand",2020-08-20,11,"$",148000000,150000000
"176","New Zealand",2020-08-21,6,"$",139000000,212000000
"177","New Zealand",2020-08-22,3,"$",134000000,22000000
"178","New Zealand",2020-08-23,9,"$",147000000,32000000
"179","New Zealand",2020-08-24,7,"$",163000000,180000000
"180","New Zealand",2020-08-25,5,"$",155000000,268000000
"181","New Zealand",2020-08-26,7,"$",169000000,254000000
"182","New Zealand",2020-08-27,12,"$",117000000,270000000
"183","New Zealand",2020-08-28,13,"$",164000000,197000000
"184","New Zealand",2020-08-29,2,"$",93000000,30000000
"185","New Zealand",2020-08-30,9,"$",111000000,33000000
"186","New Zealand",2020-08-31,14,"$",169000000,157000000
"187","New Zealand",2020-09-01,5,"$",167000000,307000000
"188","New Zealand",2020-09-02,2,"$",129000000,213000000
"189","New Zealand",2020-09-03,5,"$",120000000,172000000
"190","New Zealand",2020-09-04,3,"$",136000000,203000000
"191","New Zealand",2020-09-05,5,"$",152000000,27000000
"192","New Zealand",2020-09-06,4,"$",154000000,29000000
"193","New Zealand",2020-09-07,6,"$",126000000,209000000
"194","New Zealand",2020-09-08,6,"$",118000000,197000000
"195","New Zealand",2020-09-09,4,"$",87000000,191000000
"196","New Zealand",2020-09-10,1,"$",113000000,233000000
"197","New Zealand",2020-09-11,2,"$",126000000,193000000
"198","New Zealand",2020-09-12,2,"$",68000000,24000000
"199","New Zealand",2020-09-13,1,"$",143000000,35000000
"200","New Zealand",2020-09-14,3,"$",153000000,240000000
"201","New Zealand",2020-09-15,1,"$",126000000,241000000
"202","New Zealand",2020-09-16,7,"$",158000000,255000000
"203","New Zealand",2020-09-17,0,"$",146000000,245000000
"204","New Zealand",2020-09-18,2,"$",121000000,174000000
"205","New Zealand",2020-09-19,4,"$",111000000,35000000
"206","New Zealand",2020-09-20,0,"$",115000000,31000000
"207","New Zealand",2020-09-21,0,"$",219000000,182000000
"208","New Zealand",2020-09-22,9,"$",108000000,205000000
"209","New Zealand",2020-09-23,3,"$",146000000,214000000
"210","New Zealand",2020-09-24,2,"$",94000000,236000000
"211","New Zealand",2020-09-25,2,"$",150000000,169000000
"212","New Zealand",2020-09-26,2,"$",106000000,25000000
"213","New Zealand",2020-09-27,0,"$",91000000,87000000
"214","New Zealand",2020-09-28,2,"$",216000000,294000000
"215","New Zealand",2020-09-29,1,"$",115000000,197000000
"216","New Zealand",2020-09-30,12,"$",194000000,170000000
"217","New Zealand",2020-10-01,0,"$",143000000,269000000
"218","New Zealand",2020-10-02,1,"$",159000000,200000000
"219","New Zealand",2020-10-03,5,"$",151000000,31000000
"220","New Zealand",2020-10-04,1,"$",123000000,32000000
"221","New Zealand",2020-10-05,3,"$",232000000,164000000
"222","New Zealand",2020-10-06,3,"$",106000000,241000000
"223","New Zealand",2020-10-07,3,"$",147000000,215000000
"224","New Zealand",2020-10-08,2,"$",97000000,238000000
"225","New Zealand",2020-10-09,4,"$",175000000,202000000
"226","New Zealand",2020-10-10,1,"$",135000000,34000000
"227","New Zealand",2020-10-11,0,"$",163000000,35000000
"228","New Zealand",2020-10-12,1,"$",200000000,178000000
"229","New Zealand",2020-10-13,2,"$",128000000,267000000
"230","New Zealand",2020-10-14,2,"$",119000000,295000000
"231","New Zealand",2020-10-15,4,"$",146000000,277000000
"232","New Zealand",2020-10-16,3,"$",142000000,238000000
"233","New Zealand",2020-10-17,3,"$",144000000,25000000
"234","New Zealand",2020-10-18,0,"$",152000000,36000000
"235","New Zealand",2020-10-19,1,"$",225000000,203000000
"236","New Zealand",2020-10-20,25,"$",107000000,221000000
"237","New Zealand",2020-10-21,2,"$",199000000,230000000
"238","New Zealand",2020-10-22,9,"$",156000000,259000000
"239","New Zealand",2020-10-23,11,"$",149000000,231000000
"240","New Zealand",2020-10-24,1,"$",95000000,31000000
"241","New Zealand",2020-10-25,5,"$",140000000,39000000
"242","New Zealand",2020-10-26,1,"$",162000000,51000000
"243","New Zealand",2020-10-27,2,"$",178000000,262000000
"244","New Zealand",2020-10-28,6,"$",292000000,265000000
"245","New Zealand",2020-10-29,1,"$",132000000,249000000
"246","New Zealand",2020-10-30,7,"$",144000000,224000000
"247","New Zealand",2020-10-31,2,"$",157000000,30000000
"248","New Zealand",2020-11-01,4,"$",144000000,80000000
"249","New Zealand",2020-11-02,5,"$",268000000,255000000
"250","New Zealand",2020-11-03,3,"$",115000000,248000000
"251","New Zealand",2020-11-04,2,"$",165000000,200000000
"252","New Zealand",2020-11-05,1,"$",159000000,211000000
"253","New Zealand",2020-11-06,2,"$",162000000,208000000
"254","New Zealand",2020-11-07,6,"$",174000000,24000000
"255","New Zealand",2020-11-08,4,"$",99000000,33000000
"256","New Zealand",2020-11-09,1,"$",180000000,218000000
"257","New Zealand",2020-11-10,1,"$",161000000,260000000
"258","New Zealand",2020-11-11,3,"$",145000000,188000000
"259","New Zealand",2020-11-12,4,"$",140000000,251000000
"260","New Zealand",2020-11-13,3,"$",127000000,168000000
"261","New Zealand",2020-11-14,3,"$",220000000,24000000
"262","New Zealand",2020-11-15,0,"$",146000000,32000000
"263","New Zealand",2020-11-16,4,"$",213000000,262000000
"264","New Zealand",2020-11-17,3,"$",258000000,255000000
"265","New Zealand",2020-11-18,2,"$",248000000,183000000
"266","New Zealand",2020-11-19,3,"$",135000000,192000000
"267","New Zealand",2020-11-20,6,"$",152000000,179000000
"268","New Zealand",2020-11-21,9,"$",249000000,26000000
"269","New Zealand",2020-11-22,2,"$",107000000,32000000
"270","New Zealand",2020-11-23,1,"$",243000000,283000000
"271","New Zealand",2020-11-24,8,"$",137000000,174000000
"272","New Zealand",2020-11-25,1,"$",248000000,259000000
"273","New Zealand",2020-11-26,7,"$",169000000,251000000
"274","New Zealand",2020-11-27,3,"$",144000000,165000000
"275","New Zealand",2020-11-28,0,"$",127000000,27000000
"276","New Zealand",2020-11-29,6,"$",116000000,25000000
"277","New Zealand",2020-11-30,3,"$",247000000,207000000
"278","New Zealand",2020-12-01,1,"$",176000000,349000000
"279","New Zealand",2020-12-02,9,"$",107000000,228000000
"280","New Zealand",2020-12-03,0,"$",176000000,236000000
"281","New Zealand",2020-12-04,9,"$",175000000,199000000
"282","New Zealand",2020-12-05,0,"$",215000000,31000000
"283","New Zealand",2020-12-06,1,"$",142000000,31000000
"284","New Zealand",2020-12-07,6,"$",260000000,263000000
"285","New Zealand",2020-12-08,3,"$",137000000,233000000
"286","New Zealand",2020-12-09,0,"$",206000000,215000000
"287","New Zealand",2020-12-10,4,"$",186000000,226000000
"288","New Zealand",2020-12-11,0,"$",123000000,262000000
"289","New Zealand",2020-12-12,4,"$",160000000,33000000
"290","New Zealand",2020-12-13,0,"$",132000000,46000000
"291","New Zealand",2020-12-14,0,"$",215000000,210000000
"292","New Zealand",2020-12-15,4,"$",216000000,268000000
"293","New Zealand",2020-12-16,0,"$",256000000,241000000
"294","New Zealand",2020-12-17,10,"$",286000000,259000000
"295","New Zealand",2020-12-18,0,"$",159000000,193000000
"296","New Zealand",2020-12-19,6,"$",184000000,32000000
"297","New Zealand",2020-12-20,5,"$",166000000,40000000
"298","New Zealand",2020-12-21,0,"$",104000000,248000000
"299","New Zealand",2020-12-22,7,"$",242000000,285000000
"300","New Zealand",2020-12-23,0,"$",136000000,273000000
"301","New Zealand",2020-12-24,0,"$",135000000,203000000
"302","New Zealand",2020-12-25,0,"$",82000000,8000000
"303","New Zealand",2020-12-26,16,"$",82000000,23000000
"304","New Zealand",2020-12-27,0,"$",172000000,24000000
"305","New Zealand",2020-12-28,7,"$",286000000,34000000
"306","New Zealand",2020-12-29,0,"$",189000000,251000000
"307","New Zealand",2020-12-30,11,"$",146000000,216000000
"308","New Zealand",2020-12-31,0,"$",133000000,150000000
"309","New Zealand",2021-01-01,0,"$",85000000,89000000
"310","New Zealand",2021-01-02,19,"$",132000000,28000000
"311","New Zealand",2021-01-03,0,"$",165000000,23000000
"312","New Zealand",2021-01-04,5,"$",87000000,52000000
"313","New Zealand",2021-01-05,0,"$",86000000,249000000
"314","New Zealand",2021-01-06,2,"$",105000000,239000000
"315","New Zealand",2021-01-07,0,"$",130000000,235000000
"316","New Zealand",2021-01-08,0,"$",84000000,227000000
"317","New Zealand",2021-01-09,31,"$",112000000,26000000
"318","New Zealand",2021-01-10,3,"$",67000000,33000000
"319","New Zealand",2021-01-11,0,"$",104000000,214000000
"320","New Zealand",2021-01-12,6,"$",96000000,229000000
"321","New Zealand",2021-01-13,0,"$",161000000,220000000
"322","New Zealand",2021-01-14,18,"$",217000000,206000000
"323","New Zealand",2021-01-15,0,"$",103000000,236000000
"324","New Zealand",2021-01-16,10,"$",91000000,34000000
"325","New Zealand",2021-01-17,6,"$",115000000,39000000
"326","New Zealand",2021-01-18,0,"$",96000000,231000000
"327","New Zealand",2021-01-19,5,"$",102000000,241000000
"328","New Zealand",2021-01-20,0,"$",129000000,196000000
"329","New Zealand",2021-01-21,9,"$",166000000,238000000
"330","New Zealand",2021-01-22,0,"$",197000000,167000000
"331","New Zealand",2021-01-23,7,"$",195000000,24000000
"332","New Zealand",2021-01-24,5,"$",183000000,38000000
"333","New Zealand",2021-01-25,2,"$",171000000,200000000
"334","New Zealand",2021-01-26,5,"$",137000000,229000000
"335","New Zealand",2021-01-27,4,"$",242000000,288000000
"336","New Zealand",2021-01-28,6,"$",202000000,239000000
"337","New Zealand",2021-01-29,-2,"$",165000000,312000000
"338","New Zealand",2021-01-30,1,"$",138000000,34000000
"339","New Zealand",2021-01-31,0,"$",140000000,33000000
"340","New Zealand",2021-02-01,3,"$",130000000,164000000
"341","New Zealand",2021-02-02,1,"$",227000000,269000000
"342","New Zealand",2021-02-03,5,"$",186000000,293000000
"343","New Zealand",2021-02-04,2,"$",143000000,3000000
"344","New Zealand",2021-02-05,0,"$",178000000,189000000
"345","New Zealand",2021-02-06,5,"$",131000000,21000000
"346","New Zealand",2021-02-07,0,"$",230000000,33000000
"347","New Zealand",2021-02-08,2,"$",88000000,57000000
"348","New Zealand",2021-02-09,2,"$",127000000,230000000
"349","New Zealand",2021-02-10,0,"$",198000000,294000000
"350","New Zealand",2021-02-11,2,"$",105000000,211000000
"351","New Zealand",2021-02-12,2,"$",118000000,197000000
"352","New Zealand",2021-02-13,2,"$",139000000,18000000
"353","New Zealand",2021-02-14,6,"$",106000000,26000000
"354","New Zealand",2021-02-15,1,"$",207000000,218000000
"355","New Zealand",2021-02-16,3,"$",185000000,255000000
"356","New Zealand",2021-02-17,4,"$",146000000,203000000
"357","New Zealand",2021-02-18,4,"$",205000000,196000000
"358","New Zealand",2021-02-19,2,"$",135000000,216000000
"359","New Zealand",2021-02-20,0,"$",136000000,17000000
"360","New Zealand",2021-02-21,7,"$",134000000,27000000
"361","New Zealand",2021-02-22,6,"$",128000000,242000000
"362","New Zealand",2021-02-23,2,"$",129000000,265000000
"363","New Zealand",2021-02-24,3,"$",320000000,203000000
"364","New Zealand",2021-02-25,3,"$",212000000,243000000
"365","New Zealand",2021-02-26,1,"$",128000000,161000000
"366","New Zealand",2021-02-27,4,"$",153000000,19000000
"367","New Zealand",2021-02-28,2,"$",178000000,28000000
"368","New Zealand",2021-03-01,4,"$",188000000,424000000
"369","New Zealand",2021-03-02,2,"$",166000000,237000000
"370","New Zealand",2021-03-03,5,"$",189000000,248000000
"371","New Zealand",2021-03-04,0,"$",263000000,223000000
"372","New Zealand",2021-03-05,9,"$",191000000,185000000
"373","New Zealand",2021-03-06,1,"$",163000000,36000000
"374","New Zealand",2021-03-07,6,"$",129000000,36000000
"375","New Zealand",2021-03-08,4,"$",95000000,266000000
"376","New Zealand",2021-03-09,1,"$",142000000,242000000
"377","New Zealand",2021-03-10,6,"$",172000000,224000000
"378","New Zealand",2021-03-11,1,"$",117000000,208000000
"379","New Zealand",2021-03-12,5,"$",213000000,184000000
"380","New Zealand",2021-03-13,1,"$",134000000,23000000
"381","New Zealand",2021-03-14,7,"$",159000000,34000000
"382","New Zealand",2021-03-15,2,"$",235000000,245000000
"383","New Zealand",2021-03-16,2,"$",208000000,218000000
"384","New Zealand",2021-03-17,0,"$",298000000,201000000
"385","New Zealand",2021-03-18,10,"$",170000000,210000000
"386","New Zealand",2021-03-19,0,"$",160000000,206000000
"387","New Zealand",2021-03-20,9,"$",180000000,32000000
"388","New Zealand",2021-03-21,9,"$",161000000,41000000
"389","New Zealand",2021-03-22,0,"$",211000000,247000000
"390","New Zealand",2021-03-23,8,"$",228000000,249000000
"391","New Zealand",2021-03-24,6,"$",157000000,218000000
"392","New Zealand",2021-03-25,3,"$",245000000,201000000
"393","New Zealand",2021-03-26,2,"$",181000000,306000000
"394","New Zealand",2021-03-27,1,"$",104000000,31000000
"395","New Zealand",2021-03-28,11,"$",166000000,34000000
"396","New Zealand",2021-03-29,2,"$",170000000,192000000
"397","New Zealand",2021-03-30,2,"$",285000000,245000000
"398","New Zealand",2021-03-31,4,"$",215000000,207000000
"399","New Zealand",2021-04-01,0,"$",188000000,392000000
"400","New Zealand",2021-04-02,0,"$",170000000,36000000
"401","New Zealand",2021-04-03,0,"$",190000000,24000000
"402","New Zealand",2021-04-04,6,"$",137000000,45000000
"403","New Zealand",2021-04-05,17,"$",111000000,45000000
"404","New Zealand",2021-04-06,7,"$",270000000,258000000
"405","New Zealand",2021-04-07,24,"$",235000000,229000000
"406","New Zealand",2021-04-08,6,"$",149000000,276000000
"407","New Zealand",2021-04-09,10,"$",244000000,213000000
"408","New Zealand",2021-04-10,3,"$",173000000,31000000
"409","New Zealand",2021-04-11,9,"$",204000000,41000000
"410","New Zealand",2021-04-12,4,"$",166000000,282000000
"411","New Zealand",2021-04-13,2,"$",153000000,283000000
"412","New Zealand",2021-04-14,2,"$",235000000,251000000
"413","New Zealand",2021-04-15,0,"$",138000000,226000000
"414","New Zealand",2021-04-16,0,"$",167000000,202000000
"415","New Zealand",2021-04-17,4,"$",187000000,33000000
"416","New Zealand",2021-04-18,1,"$",122000000,44000000
"417","New Zealand",2021-04-19,1,"$",168000000,197000000
"418","New Zealand",2021-04-20,2,"$",170000000,241000000
"419","New Zealand",2021-04-21,1,"$",170000000,251000000
"420","New Zealand",2021-04-22,0,"$",245000000,249000000
"421","New Zealand",2021-04-23,0,"$",226000000,161000000
"422","New Zealand",2021-04-24,1,"$",240000000,22000000
"423","New Zealand",2021-04-25,0,"$",145000000,31000000
"424","New Zealand",2021-04-26,8,"$",128000000,47000000
"425","New Zealand",2021-04-27,0,"$",129000000,236000000
"426","New Zealand",2021-04-28,4,"$",200000000,206000000
"427","New Zealand",2021-04-29,0,"$",138000000,165000000
"428","New Zealand",2021-04-30,0,"$",186000000,270000000
"429","New Zealand",2021-05-01,5,"$",147000000,141000000
"430","New Zealand",2021-05-02,4,"$",183000000,66000000
"431","New Zealand",2021-05-03,1,"$",150000000,313000000
"432","New Zealand",2021-05-04,6,"$",334000000,199000000
"433","New Zealand",2021-05-05,4,"$",148000000,214000000
"434","New Zealand",2021-05-06,1,"$",180000000,241000000
"435","New Zealand",2021-05-07,0,"$",198000000,203000000
"436","New Zealand",2021-05-08,8,"$",180000000,27000000
"437","New Zealand",2021-05-09,2,"$",180000000,44000000
"438","New Zealand",2021-05-10,0,"$",219000000,211000000
"439","New Zealand",2021-05-11,-1,"$",162000000,234000000
"440","New Zealand",2021-05-12,1,"$",167000000,223000000
"441","New Zealand",2021-05-13,1,"$",176000000,239000000
"442","New Zealand",2021-05-14,0,"$",302000000,253000000
"443","New Zealand",2021-05-15,1,"$",169000000,22000000
"444","New Zealand",2021-05-16,5,"$",101000000,38000000
"445","New Zealand",2021-05-17,2,"$",179000000,185000000
"446","New Zealand",2021-05-18,5,"$",147000000,222000000
"447","New Zealand",2021-05-19,1,"$",155000000,226000000
"448","New Zealand",2021-05-20,3,"$",172000000,209000000
"449","New Zealand",2021-05-21,1,"$",186000000,244000000
"450","New Zealand",2021-05-22,6,"$",166000000,33000000
"451","New Zealand",2021-05-23,0,"$",281000000,32000000
"452","New Zealand",2021-05-24,1,"$",378000000,248000000
"453","New Zealand",2021-05-25,0,"$",125000000,221000000
"454","New Zealand",2021-05-26,1,"$",176000000,227000000
"455","New Zealand",2021-05-27,0,"$",194000000,234000000
"456","New Zealand",2021-05-28,0,"$",133000000,290000000
"457","New Zealand",2021-05-29,2,"$",167000000,27000000
"458","New Zealand",2021-05-30,1,"$",125000000,34000000
"459","New Zealand",2021-05-31,0,"$",309000000,287000000
"460","New Zealand",2021-06-01,6,"$",154000000,388000000
"461","New Zealand",2021-06-02,2,"$",135000000,289000000
"462","New Zealand",2021-06-03,1,"$",162000000,282000000
"463","New Zealand",2021-06-04,0,"$",153000000,240000000
"464","New Zealand",2021-06-05,0,"$",197000000,29000000
"465","New Zealand",2021-06-06,0,"$",198000000,43000000
"466","New Zealand",2021-06-07,10,"$",328000000,63000000
"467","New Zealand",2021-06-08,4,"$",112000000,281000000
"468","New Zealand",2021-06-09,1,"$",134000000,256000000
"469","New Zealand",2021-06-10,5,"$",229000000,215000000
"470","New Zealand",2021-06-11,0,"$",140000000,265000000
"471","New Zealand",2021-06-12,6,"$",145000000,29000000
"472","New Zealand",2021-06-13,1,"$",251000000,51000000
"473","New Zealand",2021-06-14,0,"$",156000000,260000000
"474","New Zealand",2021-06-15,2,"$",136000000,265000000
"475","New Zealand",2021-06-16,2,"$",175000000,197000000
"476","New Zealand",2021-06-17,1,"$",430000000,242000000
"477","New Zealand",2021-06-18,0,"$",232000000,180000000
"478","New Zealand",2021-06-19,4,"$",228000000,31000000
"479","New Zealand",2021-06-20,2,"$",246000000,43000000
"480","New Zealand",2021-06-21,0,"$",138000000,253000000
"481","New Zealand",2021-06-22,3,"$",157000000,270000000
"482","New Zealand",2021-06-23,0,"$",235000000,243000000
"483","New Zealand",2021-06-24,2,"$",215000000,234000000
"484","New Zealand",2021-06-25,4,"$",217000000,332000000
"485","New Zealand",2021-06-26,0,"$",130000000,30000000
"486","New Zealand",2021-06-27,9,"$",269000000,40000000
"487","New Zealand",2021-06-28,3,"$",166000000,248000000
"488","New Zealand",2021-06-29,1,"$",311000000,227000000
"489","New Zealand",2021-06-30,0,"$",181000000,188000000
"490","New Zealand",2021-07-01,0,"$",142000000,365000000
"491","New Zealand",2021-07-02,0,"$",152000000,250000000
"492","New Zealand",2021-07-03,9,"$",121000000,35000000
"493","New Zealand",2021-07-04,7,"$",215000000,40000000
"494","New Zealand",2021-07-05,0,"$",158000000,230000000
"495","New Zealand",2021-07-06,5,"$",201000000,255000000
"496","New Zealand",2021-07-07,1,"$",217000000,260000000
"497","New Zealand",2021-07-08,1,"$",207000000,215000000
"498","New Zealand",2021-07-09,0,"$",198000000,234000000
"499","New Zealand",2021-07-10,2,"$",117000000,41000000
"500","New Zealand",2021-07-11,1,"$",152000000,40000000
"501","New Zealand",2021-07-12,18,"$",212000000,227000000
"502","New Zealand",2021-07-13,4,"$",341000000,293000000
"503","New Zealand",2021-07-14,4,"$",99000000,217000000
"504","New Zealand",2021-07-15,9,"$",264000000,235000000
"505","New Zealand",2021-07-16,0,"$",170000000,286000000
"506","New Zealand",2021-07-17,11,"$",137000000,31000000
"507","New Zealand",2021-07-18,3,"$",150000000,51000000
"508","New Zealand",2021-07-19,5,"$",173000000,265000000
"509","New Zealand",2021-07-20,6,"$",122000000,310000000
"510","New Zealand",2021-07-21,7,"$",240000000,308000000
"511","New Zealand",2021-07-22,20,"$",169000000,211000000
"512","New Zealand",2021-07-23,0,"$",183000000,201000000
"513","New Zealand",2021-07-24,7,"$",205000000,41000000
"514","New Zealand",2021-07-25,1,"$",142000000,38000000
"515","New Zealand",2021-07-26,0,"$",162000000,240000000
"516","New Zealand",2021-07-27,1,"$",333000000,392000000
"517","New Zealand",2021-07-28,3,"$",133000000,321000000
"518","New Zealand",2021-07-29,3,"$",214000000,237000000
"519","New Zealand",2021-07-30,0,"$",229000000,227000000
"520","New Zealand",2021-07-31,3,"$",211000000,67000000
"521","New Zealand",2021-08-01,4,"$",143000000,158000000
"522","New Zealand",2021-08-02,0,"$",168000000,332000000
"523","New Zealand",2021-08-03,2,"$",189000000,297000000
"524","New Zealand",2021-08-04,1,"$",135000000,226000000
"525","New Zealand",2021-08-05,0,"$",145000000,254000000
"526","New Zealand",2021-08-06,0,"$",104000000,277000000
"527","New Zealand",2021-08-07,6,"$",122000000,29000000
"528","New Zealand",2021-08-08,4,"$",132000000,47000000
"529","New Zealand",2021-08-09,12,"$",157000000,263000000
"530","New Zealand",2021-08-10,2,"$",173000000,279000000
"531","New Zealand",2021-08-11,9,"$",126000000,274000000
"532","New Zealand",2021-08-12,1,"$",101000000,291000000
"533","New Zealand",2021-08-13,0,"$",140000000,276000000
"534","New Zealand",2021-08-14,5,"$",112000000,47000000
"535","New Zealand",2021-08-15,7,"$",117000000,45000000
"536","New Zealand",2021-08-16,0,"$",98000000,258000000
"537","New Zealand",2021-08-17,10,"$",191000000,303000000
"538","New Zealand",2021-08-18,0,"$",112000000,246000000
"539","New Zealand",2021-08-19,32,"$",131000000,228000000
"540","New Zealand",2021-08-20,24,"$",132000000,273000000
"541","New Zealand",2021-08-21,24,"$",216000000,44000000
"542","New Zealand",2021-08-22,38,"$",101000000,56000000
"543","New Zealand",2021-08-23,42,"$",118000000,273000000
"544","New Zealand",2021-08-24,63,"$",155000000,219000000
"545","New Zealand",2021-08-25,68,"$",177000000,293000000
"546","New Zealand",2021-08-26,70,"$",121000000,408000000
"547","New Zealand",2021-08-27,83,"$",124000000,218000000
"548","New Zealand",2021-08-28,84,"$",108000000,42000000
"549","New Zealand",2021-08-29,55,"$",149000000,48000000
"550","New Zealand",2021-08-30,0,"$",156000000,292000000
"551","New Zealand",2021-08-31,50,"$",204000000,205000000
"552","New Zealand",2021-09-01,76,"$",104000000,424000000
"553","New Zealand",2021-09-02,84,"$",122000000,269000000
"554","New Zealand",2021-09-03,19,"$",105000000,309000000
"555","New Zealand",2021-09-04,20,"$",195000000,33000000
"556","New Zealand",2021-09-05,24,"$",163000000,38000000
"557","New Zealand",2021-09-06,21,"$",130000000,283000000
"558","New Zealand",2021-09-07,16,"$",134000000,281000000
"559","New Zealand",2021-09-08,18,"$",142000000,232000000
"560","New Zealand",2021-09-09,19,"$",229000000,295000000
"561","New Zealand",2021-09-10,24,"$",103000000,266000000
"562","New Zealand",2021-09-11,23,"$",163000000,30000000
"563","New Zealand",2021-09-12,36,"$",93000000,48000000
"564","New Zealand",2021-09-13,17,"$",115000000,254000000
"565","New Zealand",2021-09-14,15,"$",221000000,292000000
"566","New Zealand",2021-09-15,18,"$",117000000,277000000
"567","New Zealand",2021-09-16,15,"$",172000000,302000000
"568","New Zealand",2021-09-17,24,"$",109000000,279000000
"569","New Zealand",2021-09-18,22,"$",163000000,33000000
"570","New Zealand",2021-09-19,22,"$",70000000,61000000
"571","New Zealand",2021-09-20,13,"$",159000000,287000000
"572","New Zealand",2021-09-21,24,"$",206000000,316000000
"573","New Zealand",2021-09-22,16,"$",243000000,267000000
"574","New Zealand",2021-09-23,9,"$",189000000,283000000
"575","New Zealand",2021-09-24,18,"$",118000000,258000000
"576","New Zealand",2021-09-25,21,"$",113000000,45000000
"577","New Zealand",2021-09-26,11,"$",99000000,87000000
"578","New Zealand",2021-09-27,10,"$",118000000,291000000
"579","New Zealand",2021-09-28,44,"$",231000000,291000000
"580","New Zealand",2021-09-29,25,"$",96000000,227000000
"581","New Zealand",2021-09-30,18,"$",176000000,208000000
"582","New Zealand",2021-10-01,28,"$",193000000,369000000
"583","New Zealand",2021-10-02,33,"$",160000000,18000000
"584","New Zealand",2021-10-03,30,"$",188000000,47000000
"585","New Zealand",2021-10-04,26,"$",183000000,271000000
"586","New Zealand",2021-10-05,42,"$",254000000,292000000
